<package>
  <description brief="Human detection and tracking package">
  Uses a combination of laser range finder and a computer vision module for the pedestrian detection.
  The vision module works with OpenCV's detector which uses Histogram of Oriented Gradients and Support Vector Machines.
  For pairing observations and tracking it uses a combination of Kalman filters and Mahalanobis distance.
  </description>
  
  <author>Stathis Fotiadis, Bang-Cheng Wang, Mario Garzon</author>
  <license>BSD</license>
  <review status="unreviewed" notes=""/>
  <url>http://ros.org/wiki/upm</url>
  <depend package="roslib"/>
  <depend package="rosbag"/>
  <depend package="tf"/>
  <depend package="image_transport"/>
  <depend package="roscpp"/>
  <depend package="std_msgs"/>
  <depend package="cv_bridge"/>
  <depend package="camera1394"/>
  <depend package="laser_geometry"/>
  <depend package="angles"/>
<!--  <depend package="common_rosdeps"/> -->
  <depend package="sensor_msgs"/>
  <depend package="filters"/>
  <depend package="laser_filters"/>
  <depend package="message_filters"/>
<!--  <depend package="pcl_ros"/> -->
<!--  <depend package="pcl_conversions"/> -->
  <depend package="pluginlib"/>
  <depend package="geometry_msgs"/>
  <depend package="image_geometry"/>
  <depend package="nav_msgs"/>
  <depend package="camera_calibration_parsers"/>
</package>
